"group","subgroup","name","link"
"Other Raw Materials","","Carbon Nanotubes","/wiki/Carbon_Nanotubes"
"Other Raw Materials","","Larval Core","/wiki/Larval_Core"
"Other Raw Materials","","Hypnotic Eye","/wiki/Hypnotic_Eye"
"Baits","","Creature Pellets","/wiki/Creature_Pellets"
"Raw Ingredient","Animal Derived Ingredients","Bone Nuggets","/wiki/Bone_Nuggets"
"Raw Ingredient","Animal Derived Ingredients","Chewy Wires","/wiki/Chewy_Wires"
"Raw Ingredient","Animal Derived Ingredients","Crab 'Apple'","/wiki/Crab_%27Apple%27"
"Raw Ingredient","Animal Derived Ingredients","Foraged Mushrooms","/wiki/Foraged_Mushrooms"
"Raw Ingredient","Animal Derived Ingredients","Leopard-Fruit","/wiki/Leopard-Fruit"
"Raw Ingredient","Animal Derived Ingredients","Regis Grease","/wiki/Regis_Grease"
"Raw Ingredient","Animal Derived Ingredients","Sticky 'Honey'","/wiki/Sticky_%27Honey%27"
"Raw Ingredient","Dairy","Craw Milk","/wiki/Craw_Milk"
"Raw Ingredient","Dairy","Fresh Milk","/wiki/Fresh_Milk"
"Raw Ingredient","Dairy","Warm Proto-Milk","/wiki/Warm_Proto-Milk"
"Raw Ingredient","Dairy","Wild Milk","/wiki/Wild_Milk"
"Raw Ingredient","Eggs","Creature Egg","/wiki/Creature_Egg"
"Raw Ingredient","Eggs","Giant Egg","/wiki/Giant_Egg"
"Raw Ingredient","Eggs","Tall Eggs","/wiki/Tall_Eggs"
"Raw Ingredient","Meats","Crunchy Wings","/wiki/Crunchy_Wings"
"Raw Ingredient","Meats","Crystal Flesh","/wiki/Crystal_Flesh"
"Raw Ingredient","Meats","Diplo Chunks","/wiki/Diplo_Chunks"
"Raw Ingredient","Meats","Dirty Meat","/wiki/Dirty_Meat"
"Raw Ingredient","Meats","Feline Liver","/wiki/Feline_Liver"
"Raw Ingredient","Meats","Fiendish Roe","/wiki/Fiendish_Roe"
"Raw Ingredient","Meats","Latticed Sinew","/wiki/Latticed_Sinew"
"Raw Ingredient","Meats","Leg Meat","/wiki/Leg_Meat"
"Raw Ingredient","Meats","Lumpy Brainstem","/wiki/Lumpy_Brainstem"
"Raw Ingredient","Meats","Meaty Chunks","/wiki/Meaty_Chunks"
"Raw Ingredient","Meats","Meaty Wings","/wiki/Meaty_Wings"
"Raw Ingredient","Meats","Offal Sac","/wiki/Offal_Sac"
"Raw Ingredient","Meats","ProtoSausage","/wiki/ProtoSausage"
"Raw Ingredient","Meats","Raw Steak","/wiki/Raw_Steak"
"Raw Ingredient","Meats","Salty Fingers","/wiki/Salty_Fingers"
"Raw Ingredient","Meats","Scaly Meat","/wiki/Scaly_Meat"
"Raw Ingredient","Meats","Scooped Innards","/wiki/Scooped_Innards"
"Raw Ingredient","Meats","Strider Sausage","/wiki/Strider_Sausage"
"Raw Ingredient","Crops (Vegetables/Fruits)","Aloe Flesh","/wiki/Aloe_Flesh"
"Raw Ingredient","Crops (Vegetables/Fruits)","Cactus Nectar","/wiki/Cactus_Nectar"
"Raw Ingredient","Crops (Vegetables/Fruits)","Fireberry","/wiki/Fireberry"
"Raw Ingredient","Crops (Vegetables/Fruits)","Frozen Tubers","/wiki/Frozen_Tubers"
"Raw Ingredient","Crops (Vegetables/Fruits)","Glass Grains","/wiki/Glass_Grains"
"Raw Ingredient","Crops (Vegetables/Fruits)","Grahberry","/wiki/Grahberry"
"Raw Ingredient","Crops (Vegetables/Fruits)","Heptaploid Wheat","/wiki/Heptaploid_Wheat"
"Raw Ingredient","Crops (Vegetables/Fruits)","Hexaberry","/wiki/Hexaberry"
"Raw Ingredient","Crops (Vegetables/Fruits)","Impulse Beans","/wiki/Impulse_Beans"
"Raw Ingredient","Crops (Vegetables/Fruits)","Jade Peas","/wiki/Jade_Peas"
"Raw Ingredient","Crops (Vegetables/Fruits)","Kelp Rice","/wiki/Kelp_Rice"
"Raw Ingredient","Crops (Vegetables/Fruits)","Marrow Flesh","/wiki/Marrow_Flesh"
"Raw Ingredient","Crops (Vegetables/Fruits)","Non-Toxic Mushroom","/wiki/Non-Toxic_Mushroom"
"Raw Ingredient","Crops (Vegetables/Fruits)","Pilgrimberry","/wiki/Pilgrimberry"
"Raw Ingredient","Crops (Vegetables/Fruits)","Pulpy Roots","/wiki/Pulpy_Roots"
"Raw Ingredient","Crops (Vegetables/Fruits)","Sievert Beans","/wiki/Sievert_Beans"
"Raw Ingredient","Crops (Vegetables/Fruits)","Solartillo","/wiki/Solartillo"
"Raw Ingredient","Crops (Vegetables/Fruits)","Steamed Vegetables","/wiki/Steamed_Vegetables"
"Raw Ingredient","Crops (Vegetables/Fruits)","Sweetroot","/wiki/Sweetroot"
"Raw Ingredient","Crops (Vegetables/Fruits)","Wild Yeast","/wiki/Wild_Yeast"
"Raw Ingredient","Other","Meat Flakes","/wiki/Meat_Flakes"
"Raw Ingredient","Other","Silicon Egg","/wiki/Silicon_Egg"
"Edible Products (B)","Batters","Cake Batter","/wiki/Cake_Batter"
"Edible Products (B)","Batters","Proto-Batter","/wiki/Proto-Batter"
"Edible Products (B)","Batters","Thick, Sweet Batter","/wiki/Thick,_Sweet_Batter"
"Edible Products (B)","Batters","Wailing Batter","/wiki/Wailing_Batter"
"Edible Products (B)","Batters","Extra-Fluffy Batter","/wiki/Extra-Fluffy_Batter"
"Edible Products (B)","Batters","Writhing, Roiling Batter","/wiki/Writhing,_Roiling_Batter"
"Edible Products (B)","Bread","Bread","/wiki/Bread"
"Edible Products (B)","Butters","Churned Butter","/wiki/Churned_Butter"
"Edible Products (B)","Butters","Proto-Butter","/wiki/Proto-Butter"
"Edible Products (B)","Butters","Sweetened Butter","/wiki/Sweetened_Butter"
"Edible Products (B)","Butters","Sweetened Proto-Butter","/wiki/Sweetened_Proto-Butter"
"Edible Products (B)","Butters","Honey Butter","/wiki/Honey_Butter"
"Edible Products (B)","Butters","Honied Proto-Butter","/wiki/Honied_Proto-Butter"
"Edible Products (B)","Butters","Gooey ProtoButter","/wiki/Gooey_ProtoButter"
"Edible Products (B)","Butters","Gooey Butter","/wiki/Gooey_Butter"
"Edible Products (B)","Butters","Tangy Cheese","/wiki/Tangy_Cheese"
"Edible Products (B)","Butters","ProtoCheese","/wiki/ProtoCheese"
"Edible Products (C)","Cakes","Glittering Honey Cake","/wiki/Glittering_Honey_Cake"
"Edible Products (C)","Cakes","Questionably Sweet Cake","/wiki/Questionably_Sweet_Cake"
"Edible Products (C)","Cakes","Chocolate Cake","/wiki/Chocolate_Cake"
"Edible Products (C)","Cakes","Caramel-Encrusted Cake","/wiki/Caramel-Encrusted_Cake"
"Edible Products (C)","Cakes","Spiced ‘Apple’ Cake","/wiki/Spiced_%27Apple%27_Cake"
"Edible Products (C)","Cakes","Traditional Cake","/wiki/Traditional_Cake"
"Edible Products (C)","Cakes","Ever-Boiling Cake","/wiki/Ever-Boiling_Cake"
"Edible Products (C)","Cakes","Perpetual Cake","/wiki/Perpetual_Cake"
"Edible Products (C)","Cakes","Honied Angel Cake","/wiki/Honied_Angel_Cake"
"Edible Products (C)","Cakes","Extra-Fluffy Cream Cake","/wiki/Extra-Fluffy_Cream_Cake"
"Edible Products (C)","Cakes","Fluffy Caramel Delight","/wiki/Fluffy_Caramel_Delight"
"Edible Products (C)","Cakes","Angelic Fruitcake","/wiki/Angelic_Fruitcake"
"Edible Products (C)","Cakes","Soft and Spiky Surprise","/wiki/Soft_and_Spiky_Surprise"
"Edible Products (C)","Cakes","Jam Fluffer","/wiki/Jam_Fluffer"
"Edible Products (C)","Cakes","Burning Jam Fluffer","/wiki/Burning_Jam_Fluffer"
"Edible Products (C)","Cakes","Perpetual Jam Fluffer","/wiki/Perpetual_Jam_Fluffer"
"Edible Products (C)","Cakes","Soft Custard Fancy","/wiki/Soft_Custard_Fancy"
"Edible Products (C)","Cakes","Monstrous Honey Cake","/wiki/Monstrous_Honey_Cake"
"Edible Products (C)","Cakes","Honied Proto-Cake","/wiki/Honied_Proto-Cake"
"Edible Products (C)","Cakes (Blob)","Honey-Soaked Fancy","/wiki/Honey-Soaked_Fancy"
"Edible Products (C)","Cakes (Blob)","Sweet Cream Dreams","/wiki/Sweet_Cream_Dreams"
"Edible Products (C)","Cakes (Blob)","Gooey Chocolate Cake","/wiki/Gooey_Chocolate_Cake"
"Edible Products (C)","Cakes (Blob)","Gooey Caramel Cake","/wiki/Gooey_Caramel_Cake"
"Edible Products (C)","Cakes (Blob)","Gooey Fruit Surprise","/wiki/Gooey_Fruit_Surprise"
"Edible Products (C)","Cakes (Blob)","Honied Throat-Sticker","/wiki/Honied_Throat-Sticker"
"Edible Products (C)","Cakes (Blob)","Jam Oozers","/wiki/Jam_Oozers"
"Edible Products (C)","Cakes (Blob)","Gooey Mouthburner","/wiki/Gooey_Mouthburner"
"Edible Products (C)","Cakes (Blob)","Perpetual Honeycake","/wiki/Perpetual_Honeycake"
"Edible Products (C)","Cakes (Blob)","Gooey Custard Fancy","/wiki/Gooey_Custard_Fancy"
"Edible Products (C)","Cakes (Blob)","Salt-Laced Honey Cake","/wiki/Salt-Laced_Honey_Cake"
"Edible Products (C)","Cakes (Blob)","Starbirth Delight","/wiki/Starbirth_Delight"
"Edible Products (C)","Cakes (Blob)","Gooey Honey Puff","/wiki/Gooey_Honey_Puff"
"Edible Products (C)","Cakes (Evil)","Doomed Cream Cake","/wiki/Doomed_Cream_Cake"
"Edible Products (C)","Cakes (Evil)","Wailing Caramel Cake","/wiki/Wailing_Caramel_Cake"
"Edible Products (C)","Cakes (Evil)","'Apple’ Cake of Lost Souls","/wiki/%27Apple%27_Cake_of_Lost_Souls"
"Edible Products (C)","Cakes (Evil)","Choking Monstrosity Cake","/wiki/Choking_Monstrosity_Cake"
"Edible Products (C)","Cakes (Evil)","Appalling Jam Sponge","/wiki/Appalling_Jam_Sponge"
"Edible Products (C)","Cakes (Evil)","Cake of Burning Dread","/wiki/Cake_of_Burning_Dread"
"Edible Products (C)","Cakes (Evil)","Cake of Glass","/wiki/Cake_of_Glass"
"Edible Products (C)","Cakes (Evil)","Tortured Honey Cake","/wiki/Tortured_Honey_Cake"
"Edible Products (C)","Cakes (Evil)","Itching, Creeping Honey Sponge","/wiki/Itching,_Creeping_Honey_Sponge"
"Edible Products (C)","Cakes (Evil)","Cake of Sin","/wiki/Cake_of_Sin"
"Edible Products (C)","Cakes (Evil)","Cake of the Lost","/wiki/Cake_of_the_Lost"
"Edible Products (C)","Cakes (Gek)","Most Curious Cake","/wiki/Most_Curious_Cake"
"Edible Products (C)","Chocolate","Bittersweet Cocoa","/wiki/Bittersweet_Cocoa"
"Edible Products (C)","Creams","Cream","/wiki/Cream"
"Edible Products (C)","Creams","Proto-Cream","/wiki/Proto-Cream"
"Edible Products (C)","Cupcakes","Creamy Treat","/wiki/Creamy_Treat"
"Edible Products (C)","Cupcakes","Cream Buns","/wiki/Cream_Buns"
"Edible Products (C)","Cupcakes","Esophageal Surprise","/wiki/Esophageal_Surprise"
"Edible Products (C)","Cupcakes","Custard Fancy","/wiki/Custard_Fancy"
"Edible Products (C)","Cupcakes","Briney Delight","/wiki/Briney_Delight"
"Edible Products (C)","Cupcakes","Interstellar Fancy","/wiki/Interstellar_Fancy"
"Edible Products (C)","Cupcakes","Cream Curiosity","/wiki/Cream_Curiosity"
"Edible Products (C)","Cupcakes","Chocolate Curiosity","/wiki/Chocolate_Curiosity"
"Edible Products (C)","Cupcakes","Caramel Curiosity","/wiki/Caramel_Curiosity"
"Edible Products (C)","Cupcakes","'Apple’ Curiosity","/wiki/%27Apple%27_Curiosity"
"Edible Products (C)","Cupcakes","Prickly Curiosity","/wiki/Prickly_Curiosity"
"Edible Products (C)","Cupcakes","Jam Curiosity","/wiki/Jam_Curiosity"
"Edible Products (C)","Cupcakes","Startling Fancy","/wiki/Startling_Fancy"
"Edible Products (C)","Cupcakes","Unsolvable Jam Turnover","/wiki/Unsolvable_Jam_Turnover"
"Edible Products (C)","Cupcakes","Custard Curiosity","/wiki/Custard_Curiosity"
"Edible Products (C)","Cupcakes","Salty Surprise","/wiki/Salty_Surprise"
"Edible Products (C)","Cupcakes","Interstellar Curiosity","/wiki/Interstellar_Curiosity"
"Edible Products (C)","Cupcakes","Chocolate Dream","/wiki/Chocolate_Dream"
"Edible Products (C)","Cupcakes (Evil)","Horrifying, Gooey Delight","/wiki/Horrifying,_Gooey_Delight"
"Edible Products (C)","Cupcakes (Evil)","Haunted Chocolate Dreams","/wiki/Haunted_Chocolate_Dreams"
"Edible Products (C)","Cupcakes (Evil)","Unbound Cream Horn","/wiki/Unbound_Cream_Horn"
"Edible Products (C)","Cupcakes (Evil)","Volatile Chocolate Fancy","/wiki/Volatile_Chocolate_Fancy"
"Edible Products (C)","Cupcakes (Evil)","Fluffy Throatripper","/wiki/Fluffy_Throatripper"
"Edible Products (C)","Cupcakes (Evil)","Writhing Jam Puff","/wiki/Writhing_Jam_Puff"
"Edible Products (C)","Cupcakes (Evil)","Gooey Screamer","/wiki/Gooey_Screamer"
"Edible Products (D-E)","Doughnuts","Lumpen Doughnut","/wiki/Lumpen_Doughnut"
"Edible Products (D-E)","Doughnuts","Proto-Beignet","/wiki/Proto-Beignet"
"Edible Products (D-E)","Doughnuts","Custard Doughnut","/wiki/Custard_Doughnut"
"Edible Products (D-E)","Doughnuts","Salty Doughnut","/wiki/Salty_Doughnut"
"Edible Products (D-E)","Doughnuts","Monstrous Doughnut","/wiki/Monstrous_Doughnut"
"Edible Products (D-E)","Doughnuts","The Stellarator","/wiki/The_Stellarator"
"Edible Products (D-E)","Doughnuts","Honey Doughnut","/wiki/Honey_Doughnut"
"Edible Products (D-E)","Doughnuts","Honeybutter Doughnut","/wiki/Honeybutter_Doughnut"
"Edible Products (D-E)","Doughnuts","Gooey ProtoDoughnut","/wiki/Gooey_ProtoDoughnut"
"Edible Products (D-E)","Doughnuts","Caramel Doughnut","/wiki/Caramel_Doughnut"
"Edible Products (D-E)","Doughnuts","Cocoa Doughnut","/wiki/Cocoa_Doughnut"
"Edible Products (D-E)","Doughnuts","Proteinous Doughnut","/wiki/Proteinous_Doughnut"
"Edible Products (D-E)","Doughnuts","Jam Doughnut","/wiki/Jam_Doughnut"
"Edible Products (D-E)","Doughnuts","Wriggling Doughnut","/wiki/Wriggling_Doughnut"
"Edible Products (D-E)","Doughnuts","Anomalous Doughnut","/wiki/Anomalous_Doughnut"
"Edible Products (D-E)","Doughs","Pastry","/wiki/Pastry"
"Edible Products (D-E)","Doughs","Delicate Meringue","/wiki/Delicate_Meringue"
"Edible Products (D-E)","Doughs","Dough","/wiki/Dough"
"Edible Products (F-J)","Fiend Core","Horrifying Mush","/wiki/Horrifying_Mush"
"Edible Products (F-J)","Flour","Refined Flour","/wiki/Refined_Flour"
"Edible Products (F-J)","Honeys","Synthetic Honey","/wiki/Synthetic_Honey"
"Edible Products (F-J)","Honeys","Crunchy Caramel","/wiki/Crunchy_Caramel"
"Edible Products (F-J)","Ice Creams","Iced Screams","/wiki/Iced_Screams"
"Edible Products (F-J)","Ice Creams","Ice Cream","/wiki/Ice_Cream"
"Edible Products (F-J)","Ice Creams","Briney Rime","/wiki/Briney_Rime"
"Edible Products (F-J)","Ice Creams","Deathly-Cold Ice Cream","/wiki/Deathly-Cold_Ice_Cream"
"Edible Products (F-J)","Ice Creams","Stellar Ice Cream","/wiki/Stellar_Ice_Cream"
"Edible Products (F-J)","Ice Creams","Caramel Ice Cream","/wiki/Caramel_Ice_Cream"
"Edible Products (F-J)","Ice Creams","Fruity Ice Cream","/wiki/Fruity_Ice_Cream"
"Edible Products (F-J)","Ice Creams","'Apple’ Ice Cream","/wiki/%27Apple%27_Ice_Cream"
"Edible Products (F-J)","Ice Creams","Honey Ice Cream","/wiki/Honey_Ice_Cream"
"Edible Products (F-J)","Ice Creams","Perpetual Ice Cream","/wiki/Perpetual_Ice_Cream"
"Edible Products (F-J)","Ice Creams","Vy’ice Cream","/wiki/Vy%27ice_Cream"
"Edible Products (F-J)","Ice Creams","Spiced Ice","/wiki/Spiced_Ice"
"Edible Products (F-J)","Jams","Ever-burning Jam","/wiki/Ever-burning_Jam"
"Edible Products (F-J)","Jams","Grahj’am","/wiki/Grahj%27am"
"Edible Products (F-J)","Jams","Cactus Jelly","/wiki/Cactus_Jelly"
"Edible Products (F-J)","Jams","Furball Jelly","/wiki/Furball_Jelly"
"Edible Products (F-J)","Jams","Wriggling Jam","/wiki/Wriggling_Jam"
"Edible Products (M-T)","Meat","Processed Meat","/wiki/Processed_Meat"
"Edible Products (M-T)","Oils","Clarified Oil","/wiki/Clarified_Oil"
"Edible Products (M-T)","Oils","Proto-Oil","/wiki/Proto-Oil"
"Edible Products (M-T)","Omelettes","Baked Eggs","/wiki/Baked_Eggs"
"Edible Products (M-T)","Omelettes","Omelette","/wiki/Omelette"
"Edible Products (M-T)","Omelettes","Whispering Omelette","/wiki/Whispering_Omelette"
"Edible Products (M-T)","Omelettes","Proto-Omelette","/wiki/Proto-Omelette"
"Edible Products (M-T)","Omelettes","Parasitic Omelette","/wiki/Parasitic_Omelette"
"Edible Products (M-T)","Pies","Pie Case","/wiki/Pie_Case"
"Edible Products (M-T)","Pies","Mystery Meat Pie","/wiki/Mystery_Meat_Pie"
"Edible Products (M-T)","Pies","Smokey Meat Pie","/wiki/Smokey_Meat_Pie"
"Edible Products (M-T)","Pies","High-Fibre Pie","/wiki/High-Fibre_Pie"
"Edible Products (M-T)","Pies","Fish Pie","/wiki/Fish_Pie"
"Edible Products (M-T)","Pies","Chewy Organ Pie","/wiki/Chewy_Organ_Pie"
"Edible Products (M-T)","Pies","Proto-Sausage Pie","/wiki/Proto-Sausage_Pie"
"Edible Products (M-T)","Pies","'Legs-in-Pastry’","/wiki/%27Legs-in-Pastry%27"
"Edible Products (M-T)","Pies","Glowing Pie","/wiki/Glowing_Pie"
"Edible Products (M-T)","Pies","Mushed Root Pie","/wiki/Mushed_Root_Pie"
"Edible Products (M-T)","Pies","Solidified Grease Pie","/wiki/Solidified_Grease_Pie"
"Edible Products (M-T)","Pies","Cheesy Vegetable Pie","/wiki/Cheesy_Vegetable_Pie"
"Edible Products (M-T)","Sauces","Viscous Custard","/wiki/Viscous_Custard"
"Edible Products (M-T)","Sauces","Salty Custard","/wiki/Salty_Custard"
"Edible Products (M-T)","Sauces","Monstrous Custard","/wiki/Monstrous_Custard"
"Edible Products (M-T)","Sauces","Stellar Custard","/wiki/Stellar_Custard"
"Edible Products (M-T)","Sauces","Anomalous Jam","/wiki/Anomalous_Jam"
"Edible Products (M-T)","Sauces","Root Juice","/wiki/Root_Juice"
"Edible Products (M-T)","Sauces","Pilgrim’s Tonic","/wiki/Pilgrim%27s_Tonic"
"Edible Products (M-T)","Sauces","Fire Water","/wiki/Fire_Water"
"Edible Products (M-T)","Sauces","Refreshing Drink","/wiki/Refreshing_Drink"
"Edible Products (M-T)","Sauces","Flavoursome Sauce","/wiki/Flavoursome_Sauce"
"Edible Products (M-T)","Sauces","Scorching Sauce","/wiki/Scorching_Sauce"
"Edible Products (M-T)","Sauces","Creamy Sauce","/wiki/Creamy_Sauce"
"Edible Products (M-T)","Sauces","Partially-Liquid Cheese","/wiki/Partially-Liquid_Cheese"
"Edible Products (M-T)","Smoked Meat","Smoked Meat","/wiki/Smoked_Meat"
"Edible Products (M-T)","Stews","Mystery Meat Stew","/wiki/Mystery_Meat_Stew"
"Edible Products (M-T)","Stews","Fibrous Stew","/wiki/Fibrous_Stew"
"Edible Products (M-T)","Stews","Stewed Organs","/wiki/Stewed_Organs"
"Edible Products (M-T)","Stews","Tangy Organ Surprise","/wiki/Tangy_Organ_Surprise"
"Edible Products (M-T)","Stews","Tangy Vegetable Stew","/wiki/Tangy_Vegetable_Stew"
"Edible Products (M-T)","Stews","Cheese-and-Flesh Stew","/wiki/Cheese-and-Flesh_Stew"
"Edible Products (M-T)","Stews","Creamed Organ Soup","/wiki/Creamed_Organ_Soup"
"Edible Products (M-T)","Stews","Cream of Vegetable Soup","/wiki/Cream_of_Vegetable_Soup"
"Edible Products (M-T)","Stews","Thick Meat Stew","/wiki/Thick_Meat_Stew"
"Edible Products (M-T)","Stews","Devilled Organs","/wiki/Devilled_Organs"
"Edible Products (M-T)","Stews","Fiery Vegetable Stew","/wiki/Fiery_Vegetable_Stew"
"Edible Products (M-T)","Stews","Spicy Fleshballs","/wiki/Spicy_Fleshballs"
"Edible Products (M-T)","Stews","Flavoursome Organs","/wiki/Flavoursome_Organs"
"Edible Products (M-T)","Stews","Delicious Vegetable Stew","/wiki/Delicious_Vegetable_Stew"
"Edible Products (M-T)","Stews","Herb-Encrusted Flesh","/wiki/Herb-Encrusted_Flesh"
"Edible Products (M-T)","Stews","Abyssal Stew","/wiki/Abyssal_Stew"
"Edible Products (M-T)","Sugar","Processed Sugar","/wiki/Processed_Sugar"
"Edible Products (M-T)","Tarts","Fruity Pudding","/wiki/Fruity_Pudding"
"Edible Products (M-T)","Tarts","Fungal Tart","/wiki/Fungal_Tart"
"Edible Products (M-T)","Tarts","Jam Tart","/wiki/Jam_Tart"
"Edible Products (M-T)","Tarts","Anomalous Tart","/wiki/Anomalous_Tart"
"Edible Products (M-T)","Tarts","Spikey Tart","/wiki/Spikey_Tart"
"Edible Products (M-T)","Tarts","Honey Tart","/wiki/Honey_Tart"
"Edible Products (M-T)","Tarts","Jellied Fur Tart","/wiki/Jellied_Fur_Tart"
"Edible Products (M-T)","Tarts","Wriggling Tart","/wiki/Wriggling_Tart"
"Edible Products (M-T)","Tarts","Cocoa Tart","/wiki/Cocoa_Tart"
"Edible Products (M-T)","Tarts","Caramel Tart","/wiki/Caramel_Tart"
"Edible Products (M-T)","Tarts","Custard Tart","/wiki/Custard_Tart"
"Edible Products (M-T)","Tarts","Stellar Custard Tart","/wiki/Stellar_Custard_Tart"
"Edible Products (M-T)","Tarts","Baked Cheese Tart","/wiki/Baked_Cheese_Tart"
"Edible Products (M-T)","Tarts","Burning Jam Surprise","/wiki/Burning_Jam_Surprise"
"Edible Products (M-T)","Tarts (Evil)","Haunted Pie","/wiki/Haunted_Pie"
"Edible Products (M-T)","Tarts (Evil)","The Spawning Tart","/wiki/The_Spawning_Tart"
"Edible Products (M-T)","Tarts (Evil)","Caramelised Nightmare","/wiki/Caramelised_Nightmare"
"Edible Products (M-T)","Tarts (Evil)","Unbound Monstrosity","/wiki/Unbound_Monstrosity"
